{
  "experiment_id": 4,
  "machines": {
    "1": {
      "clock_rate": 6,
      "drifts": [
        1,
        1,
        0,
        2,
        1,
        1,
        0,
        0,
        1,
        2,
        0,
        0,
        0,
        0,
        4,
        2,
        4,
        2,
        0,
        1,
        5,
        0,
        4,
        0,
        2,
        2,
        0,
        0,
        0,
        1,
        1,
        3,
        1,
        3,
        0,
        3,
        5,
        0,
        0,
        0,
        0,
        4,
        0,
        0,
        0,
        0,
        0,
        4,
        1,
        0,
        0,
        0,
        0,
        2,
        2,
        4,
        0,
        0,
        0,
        0
      ],
      "queue_lengths": [
        0,
        1,
        0,
        0,
        0,
        0,
        2,
        1,
        0,
        0,
        3,
        2,
        1,
        0,
        0,
        0,
        0,
        0,
        1,
        0,
        1,
        0,
        0,
        0,
        1,
        0,
        1,
        0,
        0,
        1,
        0,
        0,
        0,
        1,
        0,
        0,
        0,
        0,
        0,
        0,
        1,
        0,
        1,
        0,
        0,
        0,
        0,
        0,
        0,
        0,
        0,
        0,
        0,
        0,
        0,
        0,
        0,
        1,
        0,
        0
      ],
      "messages_received": 60,
      "messages_sent": 84,
      "internal_events": 198,
      "max_logical_clock": 411,
      "drift_by_sender": {
        "2": {
          "avg": 1.0869565217391304,
          "max": 5,
          "min": 0
        },
        "3": {
          "avg": 1.1891891891891893,
          "max": 5,
          "min": 0
        }
      },
      "avg_drift": 1.15,
      "max_drift": 5,
      "min_drift": 0,
      "avg_queue": 0.31666666666666665,
      "max_queue": 3
    },
    "2": {
      "clock_rate": 4,
      "drifts": [
        5,
        4,
        2,
        0,
        0,
        0,
        2,
        5,
        1,
        0,
        0,
        3,
        1,
        1,
        2,
        2,
        2,
        0,
        0,
        5,
        5,
        0,
        6,
        7,
        0,
        3,
        1,
        0,
        0,
        5,
        5,
        2,
        3,
        0,
        2,
        0,
        0,
        2,
        2,
        0,
        5,
        0,
        0,
        0,
        2,
        1,
        0,
        0,
        1,
        1,
        1,
        1,
        3,
        3,
        2,
        2,
        1,
        1,
        0,
        2,
        0,
        4,
        3,
        1,
        5,
        1,
        3,
        2,
        0,
        3,
        4,
        3,
        1,
        3,
        0,
        0,
        0,
        1,
        0,
        5,
        1,
        0,
        0,
        2,
        1,
        4,
        1,
        0,
        2,
        6,
        5,
        5,
        0,
        2,
        0,
        1,
        1,
        7,
        1
      ],
      "queue_lengths": [
        0,
        0,
        2,
        1,
        0,
        1,
        0,
        0,
        0,
        3,
        2,
        1,
        0,
        1,
        0,
        1,
        0,
        1,
        0,
        0,
        1,
        0,
        0,
        1,
        0,
        3,
        2,
        1,
        0,
        0,
        0,
        1,
        0,
        3,
        2,
        1,
        0,
        2,
        1,
        0,
        3,
        2,
        1,
        0,
        0,
        4,
        3,
        2,
        1,
        3,
        2,
        1,
        0,
        0,
        3,
        2,
        1,
        0,
        2,
        1,
        0,
        0,
        1,
        0,
        1,
        0,
        1,
        0,
        1,
        0,
        0,
        0,
        0,
        2,
        1,
        0,
        0,
        1,
        0,
        4,
        3,
        2,
        1,
        2,
        1,
        0,
        1,
        0,
        0,
        0,
        0,
        0,
        0,
        1,
        0,
        1,
        0,
        0,
        0
      ],
      "messages_received": 99,
      "messages_sent": 40,
      "internal_events": 85,
      "max_logical_clock": 406,
      "drift_by_sender": {
        "1": {
          "avg": 2.2264150943396226,
          "max": 7,
          "min": 0
        },
        "3": {
          "avg": 1.391304347826087,
          "max": 7,
          "min": 0
        }
      },
      "avg_drift": 1.8383838383838385,
      "max_drift": 7,
      "min_drift": 0,
      "avg_queue": 0.8686868686868687,
      "max_queue": 4
    },
    "3": {
      "clock_rate": 5,
      "drifts": [
        9,
        3,
        1,
        0,
        3,
        2,
        0,
        2,
        2,
        1,
        2,
        10,
        2,
        5,
        0,
        4,
        4,
        4,
        1,
        0,
        2,
        3,
        0,
        2,
        3,
        4,
        0,
        3,
        2,
        1,
        1,
        0,
        0,
        5,
        1,
        1,
        1,
        2,
        0,
        0,
        3,
        0,
        0,
        3,
        2,
        1,
        2,
        1,
        0,
        0,
        3,
        4,
        0,
        3,
        2,
        4,
        0,
        0,
        3,
        0,
        0,
        1,
        2,
        1,
        0,
        2,
        0,
        0,
        0,
        0,
        1,
        3,
        0,
        0,
        0,
        0,
        3,
        1,
        0,
        2
      ],
      "queue_lengths": [
        1,
        0,
        0,
        0,
        1,
        0,
        1,
        0,
        1,
        0,
        0,
        0,
        0,
        0,
        0,
        0,
        1,
        0,
        1,
        0,
        0,
        1,
        0,
        0,
        0,
        0,
        0,
        0,
        0,
        3,
        2,
        1,
        0,
        0,
        1,
        0,
        0,
        3,
        2,
        1,
        0,
        2,
        1,
        0,
        0,
        0,
        1,
        0,
        1,
        0,
        0,
        0,
        1,
        0,
        0,
        1,
        0,
        0,
        0,
        2,
        1,
        0,
        1,
        0,
        2,
        1,
        0,
        2,
        1,
        0,
        2,
        1,
        0,
        0,
        3,
        2,
        1,
        0,
        1,
        0
      ],
      "messages_received": 80,
      "messages_sent": 58,
      "internal_events": 137,
      "max_logical_clock": 408,
      "drift_by_sender": {
        "2": {
          "avg": 1.5,
          "max": 9,
          "min": 0
        },
        "1": {
          "avg": 1.7407407407407407,
          "max": 10,
          "min": 0
        }
      },
      "avg_drift": 1.6625,
      "max_drift": 10,
      "min_drift": 0,
      "avg_queue": 0.5875,
      "max_queue": 3
    }
  },
  "global_stats": {
    "max_drift": 10,
    "avg_drift": 1.606694560669456,
    "max_queue": 4,
    "avg_queue": 0.6359832635983264
  }
}