{
  "experiment_id": 3,
  "machines": {
    "1": {
      "clock_rate": 4,
      "drifts": [
        2,
        5,
        3,
        0,
        2,
        0,
        0,
        3,
        1,
        0,
        0,
        2,
        0,
        0,
        0,
        2,
        0,
        2,
        2,
        0,
        1,
        0,
        0,
        3,
        2,
        2,
        0,
        2,
        0,
        1,
        3,
        4,
        10,
        0,
        0,
        7,
        1,
        1,
        0,
        2,
        0,
        9,
        0,
        0,
        5,
        4,
        0,
        3,
        2,
        1,
        3,
        0,
        0,
        1,
        1,
        0,
        0,
        0,
        5,
        1,
        5,
        7,
        0,
        0,
        0,
        0,
        3,
        7,
        0,
        3,
        2,
        1,
        6,
        4,
        4,
        0,
        0,
        1,
        0,
        2,
        0,
        0,
        0
      ],
      "queue_lengths": [
        0,
        0,
        0,
        3,
        2,
        1,
        0,
        0,
        2,
        1,
        0,
        2,
        1,
        0,
        1,
        0,
        2,
        1,
        0,
        1,
        0,
        0,
        0,
        0,
        0,
        1,
        0,
        3,
        2,
        1,
        0,
        0,
        1,
        0,
        1,
        0,
        1,
        0,
        1,
        0,
        0,
        1,
        0,
        0,
        0,
        0,
        1,
        0,
        1,
        0,
        0,
        3,
        2,
        1,
        0,
        0,
        1,
        0,
        1,
        0,
        0,
        0,
        2,
        1,
        0,
        1,
        0,
        1,
        0,
        1,
        0,
        0,
        0,
        0,
        0,
        2,
        1,
        0,
        1,
        0,
        1,
        0,
        0
      ],
      "messages_received": 83,
      "messages_sent": 40,
      "internal_events": 105,
      "max_logical_clock": 371,
      "drift_by_sender": {
        "2": {
          "avg": 2.03125,
          "max": 10,
          "min": 0
        },
        "3": {
          "avg": 0.6842105263157895,
          "max": 9,
          "min": 0
        }
      },
      "avg_drift": 1.7228915662650603,
      "max_drift": 10,
      "min_drift": 0,
      "avg_queue": 0.6024096385542169,
      "max_queue": 3
    },
    "2": {
      "clock_rate": 6,
      "drifts": [
        1,
        2,
        3,
        0,
        0,
        0,
        0,
        2,
        0,
        0,
        0,
        0,
        4,
        0,
        1,
        3,
        3,
        0,
        2,
        0,
        0,
        0,
        0,
        1,
        2,
        0,
        0,
        0,
        3,
        0,
        3,
        2,
        2,
        0,
        3,
        0,
        0
      ],
      "queue_lengths": [
        1,
        0,
        0,
        0,
        0,
        1,
        0,
        0,
        1,
        0,
        0,
        0,
        0,
        0,
        0,
        0,
        0,
        0,
        0,
        0,
        0,
        1,
        0,
        0,
        0,
        0,
        1,
        0,
        0,
        0,
        0,
        0,
        1,
        0,
        0,
        0,
        0
      ],
      "messages_received": 37,
      "messages_sent": 96,
      "internal_events": 203,
      "max_logical_clock": 373,
      "drift_by_sender": {
        "1": {
          "avg": 1.3181818181818181,
          "max": 4,
          "min": 0
        },
        "3": {
          "avg": 0.5333333333333333,
          "max": 3,
          "min": 0
        }
      },
      "avg_drift": 1,
      "max_drift": 4,
      "min_drift": 0,
      "avg_queue": 0.16216216216216217,
      "max_queue": 1
    },
    "3": {
      "clock_rate": 3,
      "drifts": [
        6,
        9,
        0,
        0,
        2,
        4,
        0,
        0,
        3,
        2,
        3,
        0,
        4,
        0,
        3,
        1,
        2,
        1,
        2,
        2,
        4,
        1,
        0,
        0,
        0,
        2,
        4,
        4,
        2,
        1,
        3,
        1,
        1,
        0,
        0,
        0,
        7,
        0,
        0,
        0,
        7,
        1,
        5,
        1,
        0,
        2,
        4,
        1,
        0,
        10,
        3,
        0,
        0,
        6,
        2,
        0,
        7,
        2,
        0,
        0,
        4,
        7,
        0,
        3,
        1,
        2,
        4,
        0,
        0,
        2,
        3,
        0,
        3,
        1,
        0,
        0,
        0,
        2,
        0,
        6,
        1,
        10,
        3,
        1,
        4,
        1,
        6,
        0,
        2,
        8,
        1,
        1
      ],
      "queue_lengths": [
        0,
        0,
        1,
        0,
        0,
        2,
        1,
        0,
        0,
        1,
        0,
        0,
        1,
        0,
        2,
        1,
        0,
        0,
        1,
        0,
        1,
        0,
        2,
        1,
        0,
        0,
        0,
        1,
        0,
        2,
        1,
        0,
        2,
        1,
        0,
        2,
        1,
        0,
        1,
        0,
        1,
        0,
        1,
        0,
        1,
        0,
        2,
        1,
        0,
        0,
        1,
        0,
        0,
        1,
        0,
        0,
        0,
        2,
        1,
        0,
        0,
        1,
        0,
        1,
        0,
        0,
        2,
        1,
        0,
        2,
        1,
        0,
        1,
        0,
        2,
        1,
        0,
        2,
        1,
        0,
        0,
        0,
        0,
        0,
        1,
        0,
        2,
        1,
        0,
        0,
        1,
        0
      ],
      "messages_received": 92,
      "messages_sent": 24,
      "internal_events": 49,
      "max_logical_clock": 366,
      "drift_by_sender": {
        "2": {
          "avg": 2.359375,
          "max": 10,
          "min": 0
        },
        "1": {
          "avg": 1.7857142857142858,
          "max": 10,
          "min": 0
        }
      },
      "avg_drift": 2.1847826086956523,
      "max_drift": 10,
      "min_drift": 0,
      "avg_queue": 0.6086956521739131,
      "max_queue": 2
    }
  },
  "global_stats": {
    "max_drift": 10,
    "avg_drift": 1.7971698113207548,
    "max_queue": 3,
    "avg_queue": 0.5283018867924528
  }
}