{
  "experiment_id": 2,
  "machines": {
    "1": {
      "clock_rate": 6,
      "drifts": [
        0,
        3,
        0,
        0,
        2,
        3,
        0,
        3,
        0,
        2,
        1,
        1,
        0,
        0,
        3,
        1,
        0,
        0,
        0,
        0,
        0,
        2,
        1,
        0,
        0,
        0,
        0,
        2,
        2
      ],
      "queue_lengths": [
        0,
        2,
        1,
        0,
        0,
        1,
        0,
        0,
        0,
        0,
        0,
        1,
        0,
        0,
        0,
        1,
        0,
        0,
        0,
        0,
        0,
        0,
        0,
        0,
        0,
        0,
        0,
        0,
        0
      ],
      "messages_received": 29,
      "messages_sent": 105,
      "internal_events": 208,
      "max_logical_clock": 368,
      "drift_by_sender": {
        "2": {
          "avg": 0.42857142857142855,
          "max": 3,
          "min": 0
        },
        "3": {
          "avg": 1.3333333333333333,
          "max": 3,
          "min": 0
        }
      },
      "avg_drift": 0.896551724137931,
      "max_drift": 3,
      "min_drift": 0,
      "avg_queue": 0.20689655172413793,
      "max_queue": 2
    },
    "2": {
      "clock_rate": 3,
      "drifts": [
        6,
        0,
        0,
        8,
        0,
        6,
        0,
        1,
        0,
        2,
        3,
        1,
        8,
        0,
        2,
        3,
        0,
        4,
        0,
        4,
        8,
        4,
        6,
        4,
        3,
        0,
        7,
        3,
        2,
        6,
        0,
        0,
        0,
        0,
        3,
        0,
        2,
        4,
        0,
        0,
        6,
        0,
        0,
        4,
        0,
        0,
        0,
        3,
        3,
        1,
        3,
        0,
        0,
        1,
        11,
        0,
        0,
        0,
        0,
        4,
        0,
        1,
        4,
        0,
        1,
        0,
        0,
        3,
        1,
        0,
        0,
        7,
        1,
        5,
        1,
        2,
        0,
        9,
        4,
        1,
        0,
        7,
        2,
        2,
        3,
        0,
        0,
        5
      ],
      "queue_lengths": [
        0,
        1,
        0,
        0,
        0,
        1,
        0,
        1,
        0,
        2,
        1,
        0,
        1,
        0,
        2,
        1,
        0,
        0,
        1,
        0,
        0,
        0,
        0,
        1,
        0,
        0,
        1,
        0,
        0,
        0,
        3,
        2,
        1,
        2,
        1,
        0,
        0,
        2,
        1,
        0,
        0,
        1,
        0,
        1,
        0,
        1,
        0,
        1,
        0,
        3,
        2,
        1,
        1,
        0,
        0,
        1,
        0,
        1,
        0,
        2,
        1,
        0,
        3,
        2,
        1,
        1,
        0,
        3,
        2,
        1,
        0,
        1,
        0,
        1,
        0,
        1,
        0,
        1,
        0,
        1,
        0,
        1,
        0,
        0,
        0,
        2,
        1,
        0
      ],
      "messages_received": 88,
      "messages_sent": 20,
      "internal_events": 60,
      "max_logical_clock": 363,
      "drift_by_sender": {
        "1": {
          "avg": 2.1641791044776117,
          "max": 9,
          "min": 0
        },
        "3": {
          "avg": 2.380952380952381,
          "max": 11,
          "min": 0
        }
      },
      "avg_drift": 2.215909090909091,
      "max_drift": 11,
      "min_drift": 0,
      "avg_queue": 0.7159090909090909,
      "max_queue": 3
    },
    "3": {
      "clock_rate": 4,
      "drifts": [
        12,
        0,
        0,
        0,
        3,
        0,
        4,
        0,
        2,
        0,
        0,
        0,
        2,
        5,
        3,
        0,
        6,
        6,
        2,
        4,
        1,
        0,
        2,
        0,
        5,
        3,
        0,
        0,
        0,
        4,
        4,
        3,
        1,
        0,
        4,
        0,
        0,
        0,
        2,
        5,
        0,
        1,
        1,
        0,
        3,
        0,
        1,
        0,
        0,
        1,
        2,
        0,
        0,
        4,
        1,
        0,
        0,
        0,
        1,
        2,
        2,
        2,
        2,
        1,
        1,
        0,
        1,
        0,
        3,
        1,
        0,
        3,
        4,
        1,
        0,
        5,
        0,
        1,
        5,
        0,
        3,
        3,
        1,
        3,
        0,
        3,
        2
      ],
      "queue_lengths": [
        0,
        2,
        1,
        0,
        0,
        2,
        1,
        0,
        1,
        0,
        2,
        1,
        0,
        0,
        1,
        0,
        0,
        0,
        2,
        1,
        0,
        1,
        0,
        1,
        0,
        3,
        2,
        1,
        0,
        0,
        0,
        1,
        0,
        0,
        0,
        1,
        0,
        1,
        0,
        0,
        1,
        0,
        1,
        0,
        0,
        0,
        1,
        0,
        1,
        0,
        1,
        0,
        0,
        1,
        0,
        3,
        2,
        1,
        0,
        0,
        1,
        0,
        0,
        1,
        0,
        2,
        1,
        0,
        2,
        1,
        0,
        0,
        1,
        0,
        0,
        0,
        1,
        0,
        1,
        0,
        0,
        0,
        2,
        1,
        0,
        1,
        0
      ],
      "messages_received": 87,
      "messages_sent": 28,
      "internal_events": 109,
      "max_logical_clock": 371,
      "drift_by_sender": {
        "1": {
          "avg": 1.8513513513513513,
          "max": 12,
          "min": 0
        },
        "2": {
          "avg": 0.7692307692307693,
          "max": 6,
          "min": 0
        }
      },
      "avg_drift": 1.6896551724137931,
      "max_drift": 12,
      "min_drift": 0,
      "avg_queue": 0.5977011494252874,
      "max_queue": 3
    }
  },
  "global_stats": {
    "max_drift": 12,
    "avg_drift": 1.803921568627451,
    "max_queue": 3,
    "avg_queue": 0.5931372549019608
  }
}