{
  "experiment_id": 1,
  "machines": {
    "1": {
      "clock_rate": 1,
      "drifts": [
        1,
        10,
        2,
        0,
        3,
        2,
        0,
        7,
        1,
        1,
        5,
        0,
        0,
        5,
        2,
        1,
        2,
        0,
        0,
        9,
        3,
        7,
        4,
        2,
        6,
        0,
        1,
        3,
        0,
        0,
        0,
        10,
        1,
        1,
        3,
        0,
        2,
        1,
        3,
        14,
        1,
        2,
        7,
        7,
        4,
        1,
        1,
        1,
        2,
        1,
        9,
        13,
        9,
        1
      ],
      "queue_lengths": [
        0,
        1,
        1,
        3,
        2,
        3,
        3,
        5,
        4,
        5,
        8,
        7,
        6,
        7,
        6,
        6,
        6,
        6,
        7,
        8,
        10,
        9,
        9,
        10,
        11,
        12,
        12,
        11,
        10,
        11,
        11,
        11,
        10,
        10,
        10,
        12,
        11,
        12,
        12,
        11,
        10,
        10,
        9,
        9,
        9,
        9,
        9,
        9,
        8,
        9,
        8,
        8,
        7,
        7
      ],
      "messages_received": 54,
      "messages_sent": 0,
      "internal_events": 3,
      "max_logical_clock": 228,
      "drift_by_sender": {
        "2": {
          "avg": 1.375,
          "max": 7,
          "min": 0
        },
        "3": {
          "avg": 3.4782608695652173,
          "max": 14,
          "min": 0
        }
      },
      "avg_drift": 3.1666666666666665,
      "max_drift": 14,
      "min_drift": 0,
      "avg_queue": 7.962962962962963,
      "max_queue": 12
    },
    "2": {
      "clock_rate": 2,
      "drifts": [
        2,
        2,
        6,
        0,
        0,
        1,
        10,
        1,
        2,
        3,
        1,
        0,
        3,
        6,
        0,
        6,
        2,
        5,
        3,
        0,
        3,
        2,
        2,
        0,
        1,
        7,
        5,
        0,
        1,
        5,
        1,
        4,
        10,
        1,
        6,
        0,
        1,
        2,
        0,
        4,
        2,
        2,
        2,
        0,
        0,
        3,
        10,
        2,
        6,
        2,
        1,
        2,
        6,
        8,
        10
      ],
      "queue_lengths": [
        1,
        0,
        0,
        2,
        1,
        0,
        1,
        0,
        0,
        1,
        0,
        0,
        0,
        1,
        0,
        1,
        0,
        0,
        1,
        0,
        1,
        0,
        1,
        0,
        0,
        0,
        0,
        1,
        0,
        1,
        0,
        0,
        0,
        0,
        0,
        1,
        0,
        1,
        0,
        0,
        0,
        2,
        1,
        2,
        1,
        0,
        0,
        0,
        0,
        1,
        0,
        0,
        0,
        0,
        0
      ],
      "messages_received": 55,
      "messages_sent": 17,
      "internal_events": 40,
      "max_logical_clock": 276,
      "drift_by_sender": {
        "3": {
          "avg": 2.981818181818182,
          "max": 10,
          "min": 0
        }
      },
      "avg_drift": 2.981818181818182,
      "max_drift": 10,
      "min_drift": 0,
      "avg_queue": 0.4,
      "max_queue": 2
    },
    "3": {
      "clock_rate": 5,
      "drifts": [
        2,
        0,
        0,
        0,
        0,
        0,
        0,
        0
      ],
      "queue_lengths": [
        0,
        0,
        0,
        0,
        0,
        0,
        0,
        0
      ],
      "messages_received": 8,
      "messages_sent": 80,
      "internal_events": 187,
      "max_logical_clock": 277,
      "drift_by_sender": {
        "2": {
          "avg": 0.25,
          "max": 2,
          "min": 0
        }
      },
      "avg_drift": 0.25,
      "max_drift": 2,
      "min_drift": 0,
      "avg_queue": 0,
      "max_queue": 0
    }
  },
  "global_stats": {
    "max_drift": 14,
    "avg_drift": 2.8803418803418803,
    "max_queue": 12,
    "avg_queue": 3.8632478632478633
  }
}