{
  "experiment_id": 5,
  "machines": {
    "1": {
      "clock_rate": 4,
      "drifts": [
        0,
        3,
        1,
        0,
        1,
        0,
        0,
        6,
        0,
        0,
        2,
        1,
        0,
        2,
        3,
        1,
        2,
        3,
        1,
        1,
        0,
        1,
        0,
        6,
        1,
        0,
        0,
        4,
        1,
        0,
        3,
        3,
        2,
        2,
        2,
        3,
        5,
        0,
        2,
        6,
        4,
        2,
        5,
        4,
        0,
        0,
        0,
        2,
        2,
        5,
        5,
        2,
        2,
        2,
        0,
        1,
        4,
        3,
        0,
        1,
        2,
        2,
        0,
        3,
        2,
        0,
        1,
        4,
        2,
        4,
        0,
        2
      ],
      "queue_lengths": [
        0,
        1,
        0,
        3,
        2,
        1,
        0,
        1,
        0,
        0,
        2,
        1,
        0,
        0,
        0,
        0,
        1,
        0,
        1,
        0,
        1,
        0,
        0,
        1,
        0,
        0,
        0,
        1,
        0,
        1,
        0,
        0,
        0,
        1,
        0,
        0,
        0,
        1,
        0,
        0,
        1,
        0,
        0,
        0,
        1,
        0,
        1,
        0,
        0,
        0,
        0,
        0,
        0,
        2,
        1,
        0,
        0,
        1,
        0,
        0,
        2,
        1,
        0,
        0,
        2,
        1,
        0,
        0,
        0,
        0,
        1,
        0
      ],
      "messages_received": 72,
      "messages_sent": 44,
      "internal_events": 112,
      "max_logical_clock": 362,
      "drift_by_sender": {
        "2": {
          "avg": 0,
          "max": 0,
          "min": 0
        },
        "3": {
          "avg": 1.8873239436619718,
          "max": 6,
          "min": 0
        }
      },
      "avg_drift": 1.8611111111111112,
      "max_drift": 6,
      "min_drift": 0,
      "avg_queue": 0.4583333333333333,
      "max_queue": 3
    },
    "2": {
      "clock_rate": 1,
      "drifts": [
        5,
        0,
        4,
        0,
        5,
        5,
        1,
        0,
        0,
        3,
        1,
        0,
        2,
        2,
        2,
        2,
        0,
        0,
        1,
        10,
        4,
        5,
        2,
        6,
        1,
        4,
        2,
        0,
        12,
        1,
        2,
        1,
        7,
        14,
        0,
        10,
        5,
        1,
        7,
        1,
        0,
        0,
        0,
        2,
        0,
        2,
        10,
        1,
        0,
        12,
        2,
        2,
        1,
        9,
        0
      ],
      "queue_lengths": [
        2,
        2,
        2,
        3,
        7,
        7,
        9,
        11,
        10,
        10,
        10,
        11,
        11,
        11,
        11,
        12,
        11,
        11,
        12,
        12,
        12,
        11,
        12,
        11,
        12,
        12,
        15,
        18,
        17,
        19,
        18,
        18,
        20,
        20,
        21,
        21,
        22,
        22,
        23,
        22,
        21,
        21,
        22,
        25,
        26,
        28,
        30,
        31,
        34,
        35,
        37,
        38,
        40,
        39,
        39
      ],
      "messages_received": 55,
      "messages_sent": 1,
      "internal_events": 0,
      "max_logical_clock": 225,
      "drift_by_sender": {
        "1": {
          "avg": 2.4375,
          "max": 12,
          "min": 0
        },
        "3": {
          "avg": 3.3333333333333335,
          "max": 14,
          "min": 0
        }
      },
      "avg_drift": 3.0727272727272728,
      "max_drift": 14,
      "min_drift": 0,
      "avg_queue": 17.945454545454545,
      "max_queue": 40
    },
    "3": {
      "clock_rate": 6,
      "drifts": [
        1,
        4,
        1,
        0,
        0,
        0,
        0,
        0,
        2,
        0,
        0,
        2,
        3,
        3,
        2,
        0,
        0,
        0,
        1,
        2,
        0,
        0,
        0,
        4,
        0,
        0,
        0,
        0,
        1,
        0,
        2,
        2,
        0
      ],
      "queue_lengths": [
        2,
        1,
        0,
        0,
        0,
        0,
        0,
        0,
        0,
        1,
        0,
        0,
        0,
        0,
        1,
        0,
        0,
        0,
        0,
        1,
        0,
        0,
        0,
        0,
        0,
        0,
        1,
        0,
        0,
        0,
        0,
        0,
        0
      ],
      "messages_received": 33,
      "messages_sent": 101,
      "internal_events": 196,
      "max_logical_clock": 360,
      "drift_by_sender": {
        "2": {
          "avg": 1,
          "max": 1,
          "min": 1
        },
        "1": {
          "avg": 0.90625,
          "max": 4,
          "min": 0
        }
      },
      "avg_drift": 0.9090909090909091,
      "max_drift": 4,
      "min_drift": 0,
      "avg_queue": 0.21212121212121213,
      "max_queue": 2
    }
  },
  "global_stats": {
    "max_drift": 14,
    "avg_drift": 2.08125,
    "max_queue": 40,
    "avg_queue": 6.41875
  }
}